name,isFinish
Willow bark	,false
Citrulline	,false
Arginine	,false
DHA	,false
EPA	,false
HMB	,false
glycine	,false
zinc	,false
chromium	,false
selenium	,false
protein	,false
Vitamin C	,false
L-cysteine	,false
Maca	,false
Tonkat ants	,false
Vitamin E	,false
Sesamin	,false
Reduced coenzyme Q10	,false
Pycnogenol	,false
Curcumin	,false
Chondroitin	,false
Imidazole dipeptide	,false
Saw palmetto extract	,false
Krill oil	,false
caffeine	,false
Ginsenoside	,false
Theanine	,false
Chondroitin sulfate Na	,false
Vitamin B2	,false
Vitamin B6	,false
Vitamin B1	,false
Vitamin B3	,false
Vitamin B5	,false
Vitamin C (time release)	,false
Forskolin	,false
hyaluronic acid	,false
Vitamin B12	,false
Proteoglycan	,false
Folic acid	,false
Lactosucrose	,false
calcium	,false
iron	,false
Fermented black garlic powder	,false
Egg yolk oil	,false
Salacinol	,false
Indigestible dextrin	,false
Epigallocatechin gallate	,false
Monoglucosyl rutin	,false
Glucosamine hydrochloride	,false
Chondroitin sulfate	,false
Quercetin glycoside	,false
Anserine	,false
L-Ornithine	,false
L-theanine	,false
Champignon extract	,false
Placenta	,false
Biotin	,false
Astaxanthin	,false
collagen	,false
Niacin	,false
enzyme	,false
Acai	,false
L-cystine	,false
Soy isoflavone	,false
Squashin	,false
Bone Hep	,false
Koji enzyme	,false
Marine collagen peptide	,false
Ceramide	,false
Camellia seed extract powder	,false
Lotus germ extract powder	,false
Dermatan sulfate	,false
Hihatsu extract powder	,false
Pig placenta extract	,false
Horse placenta extract	,false
lysine	,false
Glucosylceramide	,false
Pantothenic acid	,false
Elastin	,false
Equol	,false
Rob Bit	,false
Vitamin A	,false
Anthocyanin	,false
magnesium	,false
Virgin coconut oil	,false
Valine	,false
Leucine	,false
Isoleucine	,false
Glucomannan	,false
Kidney Bean Extract Powder	,false
Ellagic acid derived from African mango tree	,false
Seaweed powder	,false
Gymnema sylvestre extract powder	,false
Citrus arantium extract powder	,false
Melilot extract powder	,false
Soy peptide	,false
Soy lecithin	,false
Tochu extract powder (12 times concentrated)	,false
Barley extract powder	,false
Vitamin D	,false
Vitamin K	,false
copper	,false
manganese	,false
Iodine	,false
molybdenum	,false
Phenylalanine	,false
Threonine	,false
Methionine	,false
Histidine	,false
Tryptophan	,false
Grain fermented extract powder (containing 4 enzymes)	,false
Hesperidin	,false
CBP	,false
Lactic acid bacteria / yeast fermentation sterilization powder	,false
Black pepper extract	,false
Vitamin P	,false
β-carotene	,false
DPA	,false
Quercetin	,false
Phycocyanin	,false
Total carotenoid	,false
Chlorophyll a	,false
Beta carotene	,false
Total tocotrienols	,false
amino acid	,false
Inositol	,false
γ-tocopherol	,false
Alpha carotene	,false
Lycopene	,false
Lutein	,false
Zeaxanthin	,false
Beta cryptoxanthin	,false
Valerian extract	,false
GABA	,false
Hop extract	,false
L-carnitine	,false
Chitosan	,false
Chitosan oligosaccharide	,false
Gymnema sylvestre extract	,false
Mulberry leaf extract	,false
Pigeon Dragon Green Tea Extract	,false
Kidney bean extract	,false
α-lipoic acid	,false
Olive leaf extract powder containing oleanolic acid	,false
Kintoki ginger powder	,false
Dietary fiber (isomaltodextrin)	,false
Curcumin from turmeric	,false
Oyster meat extract	,false
Thistle extract	,false
L-cysteine ​​peptide	,false
Soy isoflavone aglycone	,false
Low molecular weight collagen	,false
Low molecular weight fish collagen	,false
N-acetylglucosamine	,false
Low molecular weight marine collagen	,false
Type II collagen	,false
Ornithine	,false
Capsicum extract powder (containing capsaicin)	,false
Olive leaf extract powder	,false
Shark cartilage extract powder (containing chondroitin)	,false
Saw palmetto fruit extract	,false
Nanolutein	,false
Nano bilberry extract (ultra-fine bilberry extract)	,false
Bilberry extract	,false
Plant sterols	,false
Pumpkin seed extract	,false
Conjugated linoleic acid	,false
Coleus forskoli extract powder	,false
Phosphatidylserine	,false
S-equol	,false
Ginkgo leaf extract powder	,false
Collagen peptide (from fish)	,false
α-linolenic acid	,false
Nattokinase activity	,false
Natto culture extract powder	,false
Cassis anthocyanin	,false
Ginkgo biloba flavonoid glycosides	,false
Ginkgo leaf terpene lactone	,false
Salmon nasal cartilage-derived proteoglycan	,false
Type II collagen derived from salmon nasal cartilage	,false
Western Hypericum Extract	,false
γ-aminobutyric acid (GABA)	,false
DHA + EPA	,false
Siberian ginseng extract	,false
Ginkgo leaf extract	,false
Dried citrus fruits (containing bioflavonoids)	,false
Acerola concentrate	,false
Peppermint extract	,false
Ferulic acid	,false
Collagen peptide	,false
Lactose fermented product containing lactobionic acid	,false
Isoflavone aglycoline	,false
Lactium	,false
Rahma	,false
chamomile	,false
B vitamin group	,false
Parxan	,false
Hyaluronic acid Na	,false
Crocetin	,false
Seaxanthin	,false
Bilberry derived anthocyanins	,false
HMB calcium	,false
Non-denatured type II collagen	,false
BCAA	,false
Glucosylceramide derived from pineapple	,false
N-acetylglucosamine	,false
Bifidobacterium BB536	,false
Bifidobacterium HN019	,false
Bifidobacterium BB-12	,false
Gallate catechin	,false
Piperines derived from hihatsu	,false
